title,description,category,difficulty,image_query
Try indoor rock climbing,"Give indoor rock climbing a proper try. Plan the basics, use appropriate safety guidance, and focus on enjoying the challenge rather than rushing it.",Adventure,Medium,indoor rock climbing outdoor adventure
Climb at an outdoor crag with a guide,"Climb at an outdoor crag with a guide. Choose a beginner-friendly version if needed, prepare for the conditions, and make the day about the experience.",Adventure,Medium,outdoor crag guide outdoor adventure
Complete a beginner via ferrata,Set yourself the goal to complete a beginner via ferrata. Give yourself enough time to do it properly and stay within your current skill level.,Adventure,Medium,via ferrata outdoor adventure
Go canyoning through a river gorge,"Make a plan to go canyoning through a river gorge. Go with the right equipment and guidance, then enjoy being somewhere outside your normal routine.",Adventure,Hard,canyoning river gorge outdoor adventure
Try white-water rafting,"Give white-water rafting a proper try. Plan the basics, use appropriate safety guidance, and focus on enjoying the challenge rather than rushing it.",Adventure,Hard,white water rafting outdoor adventure
Kayak on a calm lake,"Kayak on a calm lake. Choose a beginner-friendly version if needed, prepare for the conditions, and make the day about the experience.",Adventure,Medium,kayak calm lake outdoor adventure
Canoe down a gentle river,Canoe down a gentle river. Give yourself enough time to do it properly and stay within your current skill level.,Adventure,Medium,canoe gentle river outdoor adventure
Try stand-up paddleboarding,"Give stand-up paddleboarding a proper try. Go with the right equipment and guidance, then enjoy being somewhere outside your normal routine.",Adventure,Medium,stand paddleboarding outdoor adventure
Take a beginner surfing lesson,"Make time to take a beginner surfing lesson. Plan the basics, use appropriate safety guidance, and focus on enjoying the challenge rather than rushing it.",Adventure,Medium,surfing lesson outdoor adventure
Try windsurfing,"Give windsurfing a proper try. Choose a beginner-friendly version if needed, prepare for the conditions, and make the day about the experience.",Adventure,Medium,windsurfing outdoor adventure
Try kitesurfing with an instructor,Give kitesurfing with an instructor a proper try. Give yourself enough time to do it properly and stay within your current skill level.,Adventure,Hard,kitesurfing instructor outdoor adventure
Take a tandem paragliding flight,"Make time to take a tandem paragliding flight. Go with the right equipment and guidance, then enjoy being somewhere outside your normal routine.",Adventure,Hard,tandem paragliding flight outdoor adventure
Go tandem skydiving,"Make a plan to go tandem skydiving. Plan the basics, use appropriate safety guidance, and focus on enjoying the challenge rather than rushing it.",Adventure,Hard,tandem skydiving outdoor adventure
Try a bungee jump,"Give a bungee jump a proper try. Choose a beginner-friendly version if needed, prepare for the conditions, and make the day about the experience.",Adventure,Hard,bungee jump outdoor adventure
Ride a long zipline,Make time to ride a long zipline. Give yourself enough time to do it properly and stay within your current skill level.,Adventure,Medium,long zipline outdoor adventure
Explore a show cave,"Take time to explore a show cave. Go with the right equipment and guidance, then enjoy being somewhere outside your normal routine.",Adventure,Medium,show cave outdoor adventure
Join a guided wild-caving trip,"Join a guided wild-caving trip. Plan the basics, use appropriate safety guidance, and focus on enjoying the challenge rather than rushing it.",Adventure,Hard,guided wild caving trip outdoor adventure
Ride a mountain bike trail,"Make time to ride a mountain bike trail. Choose a beginner-friendly version if needed, prepare for the conditions, and make the day about the experience.",Adventure,Medium,mountain bike trail outdoor adventure
Try downhill mountain biking,Give downhill mountain biking a proper try. Give yourself enough time to do it properly and stay within your current skill level.,Adventure,Hard,downhill mountain biking outdoor adventure
Go on an overnight bikepacking trip,"Make a plan to go on an overnight bikepacking trip. Go with the right equipment and guidance, then enjoy being somewhere outside your normal routine.",Adventure,Medium,overnight bikepacking trip outdoor adventure
Take a horseback trail ride,"Make time to take a horseback trail ride. Plan the basics, use appropriate safety guidance, and focus on enjoying the challenge rather than rushing it.",Adventure,Medium,horseback trail ride outdoor adventure
Go snowshoeing,"Make a plan to go snowshoeing. Choose a beginner-friendly version if needed, prepare for the conditions, and make the day about the experience.",Adventure,Medium,snowshoeing outdoor adventure
Take a beginner ski lesson,Make time to take a beginner ski lesson. Give yourself enough time to do it properly and stay within your current skill level.,Adventure,Medium,ski lesson outdoor adventure
Learn to snowboard,"Learn the basics of snowboard. Go with the right equipment and guidance, then enjoy being somewhere outside your normal routine.",Adventure,Medium,snowboard outdoor adventure
Try cross-country skiing,"Give cross-country skiing a proper try. Plan the basics, use appropriate safety guidance, and focus on enjoying the challenge rather than rushing it.",Adventure,Medium,cross country skiing outdoor adventure
Go ice skating outdoors,"Make a plan to go ice skating outdoors. Choose a beginner-friendly version if needed, prepare for the conditions, and make the day about the experience.",Adventure,Medium,ice skating outdoors outdoor adventure
Go sledding on a real hill,Make a plan to go sledding on a real hill. Give yourself enough time to do it properly and stay within your current skill level.,Adventure,Medium,sledding hill outdoor adventure
Take a hot-air balloon flight,"Make time to take a hot-air balloon flight. Go with the right equipment and guidance, then enjoy being somewhere outside your normal routine.",Adventure,Medium,hot air balloon flight outdoor adventure
Learn the basics of sailing,"Spend a focused session learning the basics of sailing. Plan the basics, use appropriate safety guidance, and focus on enjoying the challenge rather than rushing it.",Adventure,Medium,sailing outdoor adventure
Try wakeboarding,"Give wakeboarding a proper try. Choose a beginner-friendly version if needed, prepare for the conditions, and make the day about the experience.",Adventure,Medium,wakeboarding outdoor adventure
Try water skiing,Give water skiing a proper try. Give yourself enough time to do it properly and stay within your current skill level.,Adventure,Medium,water skiing outdoor adventure
Go coasteering with a guide,"Make a plan to go coasteering with a guide. Go with the right equipment and guidance, then enjoy being somewhere outside your normal routine.",Adventure,Medium,coasteering guide outdoor adventure
Go snorkeling in clear water,"Make a plan to go snorkeling in clear water. Plan the basics, use appropriate safety guidance, and focus on enjoying the challenge rather than rushing it.",Adventure,Medium,snorkeling clear water outdoor adventure
Take an introductory scuba dive,"Make time to take an introductory scuba dive. Choose a beginner-friendly version if needed, prepare for the conditions, and make the day about the experience.",Adventure,Hard,introductory scuba dive outdoor adventure
Try a beginner freediving session,Give a beginner freediving session a proper try. Give yourself enough time to do it properly and stay within your current skill level.,Adventure,Hard,freediving session outdoor adventure
Take an archery lesson,"Make time to take an archery lesson. Go with the right equipment and guidance, then enjoy being somewhere outside your normal routine.",Adventure,Medium,archery lesson outdoor adventure
Try axe throwing,"Give axe throwing a proper try. Plan the basics, use appropriate safety guidance, and focus on enjoying the challenge rather than rushing it.",Adventure,Medium,axe throwing outdoor adventure
Play a full outdoor paintball game,"Play a full outdoor paintball game. Choose a beginner-friendly version if needed, prepare for the conditions, and make the day about the experience.",Adventure,Medium,outdoor paintball game outdoor adventure
Complete an orienteering course,Set yourself the goal to complete an orienteering course. Give yourself enough time to do it properly and stay within your current skill level.,Adventure,Medium,orienteering course outdoor adventure
Finish a challenging geocaching route,"Finish a challenging geocaching route. Go with the right equipment and guidance, then enjoy being somewhere outside your normal routine.",Adventure,Medium,finish challenging geocaching route outdoor adventure
Run an obstacle course race,"Set yourself the goal to run an obstacle course race. Plan the basics, use appropriate safety guidance, and focus on enjoying the challenge rather than rushing it.",Adventure,Medium,obstacle course race outdoor adventure
Take part in a mud run,"Make time to take part in a mud run. Choose a beginner-friendly version if needed, prepare for the conditions, and make the day about the experience.",Adventure,Medium,part mud run outdoor adventure
Run a trail race,Set yourself the goal to run a trail race. Give yourself enough time to do it properly and stay within your current skill level.,Adventure,Medium,trail race outdoor adventure
Try a guided river-trekking route,"Give a guided river-trekking route a proper try. Go with the right equipment and guidance, then enjoy being somewhere outside your normal routine.",Adventure,Medium,guided river trekking route outdoor adventure
Go on a sunset hike,"Make a plan to go on a sunset hike. Plan the basics, use appropriate safety guidance, and focus on enjoying the challenge rather than rushing it.",Adventure,Medium,sunset hike outdoor adventure
Join a guided night hike,"Join a guided night hike. Choose a beginner-friendly version if needed, prepare for the conditions, and make the day about the experience.",Adventure,Medium,guided night hike outdoor adventure
Sleep in a hammock outdoors,Spend the night in a hammock outdoors. Give yourself enough time to do it properly and stay within your current skill level.,Adventure,Medium,sleep hammock outdoors outdoor adventure
Build a simple wilderness shelter,"Make this one happen: build a simple wilderness shelter. Go with the right equipment and guidance, then enjoy being somewhere outside your normal routine.",Adventure,Medium,wilderness shelter outdoor adventure
Cook a meal over a campfire,"Cook a meal over a campfire. Plan the basics, use appropriate safety guidance, and focus on enjoying the challenge rather than rushing it.",Adventure,Medium,meal over campfire outdoor adventure
Complete a treetop ropes course,"Set yourself the goal to complete a treetop ropes course. Choose a beginner-friendly version if needed, prepare for the conditions, and make the day about the experience.",Adventure,Medium,treetop ropes course outdoor adventure
Learn basic rappelling,Spend a focused session learning basic rappelling. Give yourself enough time to do it properly and stay within your current skill level.,Adventure,Medium,rappelling outdoor adventure
Scramble to a mountain viewpoint,"Make this one happen: scramble to a mountain viewpoint. Go with the right equipment and guidance, then enjoy being somewhere outside your normal routine.",Adventure,Medium,scramble mountain viewpoint outdoor adventure
Hike on a volcanic landscape,"Hike on a volcanic landscape. Plan the basics, use appropriate safety guidance, and focus on enjoying the challenge rather than rushing it.",Adventure,Medium,volcanic landscape outdoor adventure
Join a guided glacier hike,"Join a guided glacier hike. Choose a beginner-friendly version if needed, prepare for the conditions, and make the day about the experience.",Adventure,Hard,guided glacier hike outdoor adventure
Hike across desert dunes,Hike across desert dunes. Give yourself enough time to do it properly and stay within your current skill level.,Adventure,Medium,across desert dunes outdoor adventure
Try sandboarding,"Give sandboarding a proper try. Go with the right equipment and guidance, then enjoy being somewhere outside your normal routine.",Adventure,Medium,sandboarding outdoor adventure
Go snow tubing,"Make a plan to go snow tubing. Plan the basics, use appropriate safety guidance, and focus on enjoying the challenge rather than rushing it.",Adventure,Medium,snow tubing outdoor adventure
Try dog sledding,"Give dog sledding a proper try. Choose a beginner-friendly version if needed, prepare for the conditions, and make the day about the experience.",Adventure,Medium,dog sledding outdoor adventure
Spend a weekend sailing,Set aside time to spend a weekend sailing. Give yourself enough time to do it properly and stay within your current skill level.,Adventure,Medium,weekend sailing outdoor adventure
Take a wilderness survival course,"Make time to take a wilderness survival course. Go with the right equipment and guidance, then enjoy being somewhere outside your normal routine.",Adventure,Hard,wilderness survival course outdoor adventure
Take an outdoor first-aid course,"Make time to take an outdoor first-aid course. Plan the basics, use appropriate safety guidance, and focus on enjoying the challenge rather than rushing it.",Adventure,Medium,outdoor aid course outdoor adventure
Learn map-and-compass navigation,"Spend a focused session learning map-and-compass navigation. Choose a beginner-friendly version if needed, prepare for the conditions, and make the day about the experience.",Adventure,Medium,map compass navigation outdoor adventure
Spend a night in a mountain hut,Set aside time to spend a night in a mountain hut. Give yourself enough time to do it properly and stay within your current skill level.,Adventure,Medium,night mountain hut outdoor adventure
Reach the summit of a local peak,"Set a goal to reach the summit of a local peak. Go with the right equipment and guidance, then enjoy being somewhere outside your normal routine.",Adventure,Hard,summit peak outdoor adventure
Complete a multi-day trek,"Set yourself the goal to complete a multi-day trek. Plan the basics, use appropriate safety guidance, and focus on enjoying the challenge rather than rushing it.",Adventure,Hard,multi day trek outdoor adventure
Try packrafting,"Give packrafting a proper try. Choose a beginner-friendly version if needed, prepare for the conditions, and make the day about the experience.",Adventure,Hard,packrafting outdoor adventure
Float down a river on a tube,Float down a river on a tube. Give yourself enough time to do it properly and stay within your current skill level.,Adventure,Medium,river tube outdoor adventure
Walk a high suspension bridge,"Walk a high suspension bridge. Go with the right equipment and guidance, then enjoy being somewhere outside your normal routine.",Adventure,Medium,high suspension bridge outdoor adventure
Try outdoor bouldering,"Give outdoor bouldering a proper try. Plan the basics, use appropriate safety guidance, and focus on enjoying the challenge rather than rushing it.",Adventure,Medium,outdoor bouldering outdoor adventure
Experience indoor skydiving,"Experience indoor skydiving. Choose a beginner-friendly version if needed, prepare for the conditions, and make the day about the experience.",Adventure,Hard,indoor skydiving outdoor adventure
Spend a weekend in a city you have never visited,"Set aside time to spend a weekend in a city you have never visited. Keep the plan simple enough to leave room for discovery, local food, and a few unplanned moments.",Travel,Easy,weekend city never visited travel destination
Take your first solo city break,Make time to take your first solo city break. Use the trip as an excuse to notice the details you usually miss when you already know a place.,Travel,Medium,solo city break travel destination
Travel overnight on a sleeper train,"Plan a chance to travel overnight on a sleeper train. Plan the essentials, then leave enough space to explore at a slower pace.",Travel,Medium,overnight sleeper train travel destination
Take a spontaneous road trip,Make time to take a spontaneous road trip. Focus on experiencing the place rather than checking off as many sights as possible.,Travel,Medium,spontaneous road trip travel destination
Visit an island by ferry,"Make time to visit an island by ferry. Keep the plan simple enough to leave room for discovery, local food, and a few unplanned moments.",Travel,Easy,island ferry travel destination
Plan a trip using only public transport,Plan a trip using only public transport. Use the trip as an excuse to notice the details you usually miss when you already know a place.,Travel,Medium,trip public transport travel destination
Stay in a hostel for the first time,"Book a chance to stay in a hostel for the first time. Plan the essentials, then leave enough space to explore at a slower pace.",Travel,Easy,hostel time travel destination
Stay in a family-run guesthouse,Book a chance to stay in a family-run guesthouse. Focus on experiencing the place rather than checking off as many sights as possible.,Travel,Easy,family run guesthouse travel destination
Sleep in a cabin in the countryside,"Spend the night in a cabin in the countryside. Keep the plan simple enough to leave room for discovery, local food, and a few unplanned moments.",Travel,Easy,sleep cabin countryside travel destination
Spend a night on a houseboat,Set aside time to spend a night on a houseboat. Use the trip as an excuse to notice the details you usually miss when you already know a place.,Travel,Easy,night houseboat travel destination
Stay on a working farm,"Book a chance to stay on a working farm. Plan the essentials, then leave enough space to explore at a slower pace.",Travel,Easy,working farm travel destination
Book a tiny-house getaway,Book a tiny-house getaway. Focus on experiencing the place rather than checking off as many sights as possible.,Travel,Easy,tiny house getaway travel destination
Visit a UNESCO World Heritage Site,"Make time to visit a UNESCO World Heritage Site. Keep the plan simple enough to leave room for discovery, local food, and a few unplanned moments.",Travel,Easy,unesco world heritage site travel destination
Ride one of the world’s scenic train routes,Make time to ride one of the world’s scenic train routes. Use the trip as an excuse to notice the details you usually miss when you already know a place.,Travel,Easy,world scenic train routes travel destination
See the northern lights,"Make a plan to see the northern lights. Plan the essentials, then leave enough space to explore at a slower pace.",Travel,Easy,northern lights travel destination
Watch sunrise in a new country,Set aside time to watch sunrise in a new country. Focus on experiencing the place rather than checking off as many sights as possible.,Travel,Easy,sunrise country travel destination
Watch sunset from a famous viewpoint,"Set aside time to watch sunset from a famous viewpoint. Keep the plan simple enough to leave room for discovery, local food, and a few unplanned moments.",Travel,Easy,sunset famous viewpoint travel destination
Cross an international border on foot,Cross an international border on foot. Use the trip as an excuse to notice the details you usually miss when you already know a place.,Travel,Easy,international border foot travel destination
Take a ferry between two countries,"Make time to take a ferry between two countries. Plan the essentials, then leave enough space to explore at a slower pace.",Travel,Easy,ferry between two countries travel destination
Travel with only a carry-on bag,Plan a chance to travel with only a carry-on bag. Focus on experiencing the place rather than checking off as many sights as possible.,Travel,Medium,carry bag travel destination
Spend 24 hours exploring without a car,"Set aside time to spend 24 hours exploring without a car. Keep the plan simple enough to leave room for discovery, local food, and a few unplanned moments.",Travel,Medium,24 hours exploring car travel destination
Visit a capital city you have never seen,Make time to visit a capital city you have never seen. Use the trip as an excuse to notice the details you usually miss when you already know a place.,Travel,Easy,capital city never seen travel destination
Explore a small town instead of a major city,"Take time to explore a small town instead of a major city. Plan the essentials, then leave enough space to explore at a slower pace.",Travel,Easy,small town instead major city travel destination
Take a day trip to a neighboring country,Make time to take a day trip to a neighboring country. Focus on experiencing the place rather than checking off as many sights as possible.,Travel,Medium,day trip neighboring country travel destination
Visit a place where you do not speak the language,"Make time to visit a place where you do not speak the language. Keep the plan simple enough to leave room for discovery, local food, and a few unplanned moments.",Travel,Medium,place where not speak language travel destination
Order a meal abroad using the local language,Order a meal abroad using the local language. Use the trip as an excuse to notice the details you usually miss when you already know a place.,Travel,Easy,meal abroad language travel destination
Visit a traditional market abroad,"Make time to visit a traditional market abroad. Plan the essentials, then leave enough space to explore at a slower pace.",Travel,Easy,traditional market abroad travel destination
Take a local food tour while traveling,Make time to take a local food tour while traveling. Focus on experiencing the place rather than checking off as many sights as possible.,Travel,Easy,food tour while traveling travel destination
Join a free walking tour,"Join a free walking tour. Keep the plan simple enough to leave room for discovery, local food, and a few unplanned moments.",Travel,Easy,free walking tour travel destination
Use a city bike-share in a new city,Use a city bike-share in a new city. Use the trip as an excuse to notice the details you usually miss when you already know a place.,Travel,Easy,city bike share city travel destination
Ride a tram through a historic city center,"Make time to ride a tram through a historic city center. Plan the essentials, then leave enough space to explore at a slower pace.",Travel,Easy,tram historic city center travel destination
Take a cable car to a mountain viewpoint,Make time to take a cable car to a mountain viewpoint. Focus on experiencing the place rather than checking off as many sights as possible.,Travel,Easy,cable car mountain viewpoint travel destination
Visit a coastal village,"Make time to visit a coastal village. Keep the plan simple enough to leave room for discovery, local food, and a few unplanned moments.",Travel,Easy,coastal village travel destination
Explore a medieval old town,Take time to explore a medieval old town. Use the trip as an excuse to notice the details you usually miss when you already know a place.,Travel,Easy,medieval old town travel destination
Walk across a famous city bridge,"Walk across a famous city bridge. Plan the essentials, then leave enough space to explore at a slower pace.",Travel,Easy,across famous city bridge travel destination
Visit a border town,Make time to visit a border town. Focus on experiencing the place rather than checking off as many sights as possible.,Travel,Easy,border town travel destination
Take a scenic bus route,"Make time to take a scenic bus route. Keep the plan simple enough to leave room for discovery, local food, and a few unplanned moments.",Travel,Easy,scenic bus route travel destination
Visit a remote lighthouse,Make time to visit a remote lighthouse. Use the trip as an excuse to notice the details you usually miss when you already know a place.,Travel,Easy,remote lighthouse travel destination
Spend a night near the sea,"Set aside time to spend a night near the sea. Plan the essentials, then leave enough space to explore at a slower pace.",Travel,Easy,night near sea travel destination
Visit a mountain village,Make time to visit a mountain village. Focus on experiencing the place rather than checking off as many sights as possible.,Travel,Easy,mountain village travel destination
Take a weekend trip with no fixed itinerary,"Make time to take a weekend trip with no fixed itinerary. Keep the plan simple enough to leave room for discovery, local food, and a few unplanned moments.",Travel,Medium,weekend trip fixed itinerary travel destination
Travel somewhere chosen by a random map pin,Plan a chance to travel somewhere chosen by a random map pin. Use the trip as an excuse to notice the details you usually miss when you already know a place.,Travel,Medium,chosen random map pin travel destination
Visit the birthplace of a famous person,"Make time to visit the birthplace of a famous person. Plan the essentials, then leave enough space to explore at a slower pace.",Travel,Easy,birthplace famous person travel destination
See a major landmark before sunrise,Make a plan to see a major landmark before sunrise. Focus on experiencing the place rather than checking off as many sights as possible.,Travel,Easy,major landmark before sunrise travel destination
Visit a country during its national festival,"Make time to visit a country during its national festival. Keep the plan simple enough to leave room for discovery, local food, and a few unplanned moments.",Travel,Easy,country during its national festival travel destination
Explore a city by neighborhood cafés,Take time to explore a city by neighborhood cafés. Use the trip as an excuse to notice the details you usually miss when you already know a place.,Travel,Easy,city neighborhood cafés travel destination
Take a river cruise through a city,"Make time to take a river cruise through a city. Plan the essentials, then leave enough space to explore at a slower pace.",Travel,Easy,river cruise city travel destination
Visit a rooftop viewpoint in a new city,Make time to visit a rooftop viewpoint in a new city. Focus on experiencing the place rather than checking off as many sights as possible.,Travel,Easy,rooftop viewpoint city travel destination
Walk an entire historic city wall,"Walk an entire historic city wall. Keep the plan simple enough to leave room for discovery, local food, and a few unplanned moments.",Travel,Easy,entire historic city wall travel destination
Take a local cooking class abroad,Make time to take a local cooking class abroad. Use the trip as an excuse to notice the details you usually miss when you already know a place.,Travel,Easy,cooking class abroad travel destination
Visit an open-air market at dawn,"Make time to visit an open-air market at dawn. Plan the essentials, then leave enough space to explore at a slower pace.",Travel,Easy,open air market dawn travel destination
Explore a city in the rain,Take time to explore a city in the rain. Focus on experiencing the place rather than checking off as many sights as possible.,Travel,Easy,city rain travel destination
Spend an afternoon in a train-station town,"Set aside time to spend an afternoon in a train-station town. Keep the plan simple enough to leave room for discovery, local food, and a few unplanned moments.",Travel,Easy,afternoon train station town travel destination
Visit a thermal spa while traveling,Make time to visit a thermal spa while traveling. Use the trip as an excuse to notice the details you usually miss when you already know a place.,Travel,Easy,thermal spa while traveling travel destination
Stay one night in a historic hotel,"Book a chance to stay one night in a historic hotel. Plan the essentials, then leave enough space to explore at a slower pace.",Travel,Easy,night historic hotel travel destination
Book a room with an unforgettable view,Book a room with an unforgettable view. Focus on experiencing the place rather than checking off as many sights as possible.,Travel,Easy,room unforgettable view travel destination
Take a mountain railway,"Make time to take a mountain railway. Keep the plan simple enough to leave room for discovery, local food, and a few unplanned moments.",Travel,Easy,mountain railway travel destination
Visit a village reachable only by boat,Make time to visit a village reachable only by boat. Use the trip as an excuse to notice the details you usually miss when you already know a place.,Travel,Medium,village reachable boat travel destination
Travel to see autumn colors,"Plan a chance to travel to see autumn colors. Plan the essentials, then leave enough space to explore at a slower pace.",Travel,Easy,see autumn colors travel destination
Travel to see spring blossoms,Plan a chance to travel to see spring blossoms. Focus on experiencing the place rather than checking off as many sights as possible.,Travel,Easy,see spring blossoms travel destination
Visit a desert landscape,"Make time to visit a desert landscape. Keep the plan simple enough to leave room for discovery, local food, and a few unplanned moments.",Travel,Easy,desert landscape travel destination
See the ocean from a new coastline,Make a plan to see the ocean from a new coastline. Use the trip as an excuse to notice the details you usually miss when you already know a place.,Travel,Easy,ocean coastline travel destination
Visit a black-sand beach,"Make time to visit a black-sand beach. Plan the essentials, then leave enough space to explore at a slower pace.",Travel,Easy,black sand beach travel destination
Explore a volcanic island,Take time to explore a volcanic island. Focus on experiencing the place rather than checking off as many sights as possible.,Travel,Easy,volcanic island travel destination
Take a winter city break,"Make time to take a winter city break. Keep the plan simple enough to leave room for discovery, local food, and a few unplanned moments.",Travel,Easy,winter city break travel destination
Spend Christmas in another country,Set aside time to spend christmas in another country. Use the trip as an excuse to notice the details you usually miss when you already know a place.,Travel,Medium,christmas another country travel destination
Celebrate New Year somewhere new,"Celebrate new Year somewhere new. Plan the essentials, then leave enough space to explore at a slower pace.",Travel,Medium,year travel destination
Visit a place from your favorite movie,Make time to visit a place from your favorite movie. Focus on experiencing the place rather than checking off as many sights as possible.,Travel,Easy,place favorite movie travel destination
Retrace a route from a favorite book,"Retrace a route from a favorite book. Keep the plan simple enough to leave room for discovery, local food, and a few unplanned moments.",Travel,Easy,route favorite book travel destination
Take a trip based around one great meal,Make time to take a trip based around one great meal. Use the trip as an excuse to notice the details you usually miss when you already know a place.,Travel,Easy,trip based around great meal travel destination
Run your first 5K,"Set yourself the goal to run your first 5K. Pick a level that challenges you without sacrificing good form, and treat completion as the win.",Fitness,Medium,5k fitness exercise
Run a 10K race,"Set yourself the goal to run a 10K race. Warm up properly, move with control, and record the result so you can remember the milestone.",Fitness,Medium,10k race fitness exercise
Finish a half marathon,Finish a half marathon. Focus on technique first and intensity second; scale the session to your current fitness level.,Fitness,Hard,finish half marathon fitness exercise
Complete a full marathon,Set yourself the goal to complete a full marathon. Give it a focused attempt and notice what your body can do today rather than comparing yourself with anyone else.,Fitness,Hard,marathon fitness exercise
Try a beginner strength-training session,"Give a beginner strength-training session a proper try. Pick a level that challenges you without sacrificing good form, and treat completion as the win.",Fitness,Medium,strength training session fitness exercise
Do your first unassisted pull-up,"Do your first unassisted pull-up. Warm up properly, move with control, and record the result so you can remember the milestone.",Fitness,Medium,unassisted pull fitness exercise
Complete 50 push-ups in one workout,Set yourself the goal to complete 50 push-ups in one workout. Focus on technique first and intensity second; scale the session to your current fitness level.,Fitness,Medium,50 push ups workout fitness exercise
Hold a plank for two minutes,Hold a plank for two minutes. Give it a focused attempt and notice what your body can do today rather than comparing yourself with anyone else.,Fitness,Medium,plank two minutes fitness exercise
Learn to do a handstand,"Learn the basics of do a handstand. Pick a level that challenges you without sacrificing good form, and treat completion as the win.",Fitness,Medium,handstand fitness exercise
Take a yoga class,"Make time to take a yoga class. Warm up properly, move with control, and record the result so you can remember the milestone.",Fitness,Easy,yoga class fitness exercise
Try hot yoga,Give hot yoga a proper try. Focus on technique first and intensity second; scale the session to your current fitness level.,Fitness,Easy,hot yoga fitness exercise
Take a Pilates class,Make time to take a Pilates class. Give it a focused attempt and notice what your body can do today rather than comparing yourself with anyone else.,Fitness,Easy,pilates class fitness exercise
Try reformer Pilates,"Give reformer Pilates a proper try. Pick a level that challenges you without sacrificing good form, and treat completion as the win.",Fitness,Easy,reformer pilates fitness exercise
Join a spin class,"Join a spin class. Warm up properly, move with control, and record the result so you can remember the milestone.",Fitness,Medium,spin class fitness exercise
Take a boxing class,Make time to take a boxing class. Focus on technique first and intensity second; scale the session to your current fitness level.,Fitness,Medium,boxing class fitness exercise
Try kickboxing,Give kickboxing a proper try. Give it a focused attempt and notice what your body can do today rather than comparing yourself with anyone else.,Fitness,Medium,kickboxing fitness exercise
Take a Muay Thai beginner class,"Make time to take a Muay Thai beginner class. Pick a level that challenges you without sacrificing good form, and treat completion as the win.",Fitness,Medium,muay thai class fitness exercise
Try Brazilian jiu-jitsu,"Give brazilian jiu-jitsu a proper try. Warm up properly, move with control, and record the result so you can remember the milestone.",Fitness,Medium,brazilian jiu jitsu fitness exercise
Take a dance-fitness class,Make time to take a dance-fitness class. Focus on technique first and intensity second; scale the session to your current fitness level.,Fitness,Easy,dance fitness class fitness exercise
Try indoor rowing,Give indoor rowing a proper try. Give it a focused attempt and notice what your body can do today rather than comparing yourself with anyone else.,Fitness,Medium,indoor rowing fitness exercise
Swim 1 kilometer without stopping,"Swim 1 kilometer without stopping. Pick a level that challenges you without sacrificing good form, and treat completion as the win.",Fitness,Medium,1 kilometer stopping fitness exercise
Learn proper freestyle swimming technique,"Spend a focused session learning proper freestyle swimming technique. Warm up properly, move with control, and record the result so you can remember the milestone.",Fitness,Medium,proper freestyle swimming technique fitness exercise
Try an aqua fitness class,Give an aqua fitness class a proper try. Focus on technique first and intensity second; scale the session to your current fitness level.,Fitness,Easy,aqua fitness class fitness exercise
Take a kettlebell class,Make time to take a kettlebell class. Give it a focused attempt and notice what your body can do today rather than comparing yourself with anyone else.,Fitness,Medium,kettlebell class fitness exercise
Learn the basic barbell lifts,"Spend a focused session learning the basic barbell lifts. Pick a level that challenges you without sacrificing good form, and treat completion as the win.",Fitness,Medium,barbell lifts fitness exercise
Complete a full-body mobility session,"Set yourself the goal to complete a full-body mobility session. Warm up properly, move with control, and record the result so you can remember the milestone.",Fitness,Easy,body mobility session fitness exercise
Touch your toes with straight legs,Work toward touching your toes with straight legs. Focus on technique first and intensity second; scale the session to your current fitness level.,Fitness,Medium,toes straight legs fitness exercise
Hold a deep squat comfortably for one minute,Hold a deep squat comfortably for one minute. Give it a focused attempt and notice what your body can do today rather than comparing yourself with anyone else.,Fitness,Medium,deep squat comfortably minute fitness exercise
Do a 60-second dead hang,"Do a 60-second dead hang. Pick a level that challenges you without sacrificing good form, and treat completion as the win.",Fitness,Medium,60 second dead hang fitness exercise
Climb 100 flights of stairs in a day,"Climb 100 flights of stairs in a day. Warm up properly, move with control, and record the result so you can remember the milestone.",Fitness,Medium,100 flights stairs day fitness exercise
"Walk 20,000 steps in one day","Walk 20,000 steps in one day. Focus on technique first and intensity second; scale the session to your current fitness level.",Fitness,Medium,20 000 steps day fitness exercise
Cycle 50 kilometers,Cycle 50 kilometers. Give it a focused attempt and notice what your body can do today rather than comparing yourself with anyone else.,Fitness,Medium,50 kilometers fitness exercise
Complete a 100-kilometer bike ride,"Set yourself the goal to complete a 100-kilometer bike ride. Pick a level that challenges you without sacrificing good form, and treat completion as the win.",Fitness,Hard,100 kilometer bike ride fitness exercise
Try a beginner HIIT class,"Give a beginner HIIT class a proper try. Warm up properly, move with control, and record the result so you can remember the milestone.",Fitness,Medium,hiit class fitness exercise
Complete a bootcamp workout,Set yourself the goal to complete a bootcamp workout. Focus on technique first and intensity second; scale the session to your current fitness level.,Fitness,Medium,bootcamp workout fitness exercise
Take a functional fitness class,Make time to take a functional fitness class. Give it a focused attempt and notice what your body can do today rather than comparing yourself with anyone else.,Fitness,Medium,functional fitness class fitness exercise
Try a barre class,"Give a barre class a proper try. Pick a level that challenges you without sacrificing good form, and treat completion as the win.",Fitness,Easy,barre class fitness exercise
Learn to jump rope for five minutes,"Learn the basics of jump rope for five minutes. Warm up properly, move with control, and record the result so you can remember the milestone.",Fitness,Medium,jump rope five minutes fitness exercise
Complete 100 bodyweight squats,Set yourself the goal to complete 100 bodyweight squats. Focus on technique first and intensity second; scale the session to your current fitness level.,Fitness,Medium,100 bodyweight squats fitness exercise
Do a workout outdoors at sunrise,Do a workout outdoors at sunrise. Give it a focused attempt and notice what your body can do today rather than comparing yourself with anyone else.,Fitness,Medium,workout outdoors sunrise fitness exercise
Try a calisthenics park workout,"Give a calisthenics park workout a proper try. Pick a level that challenges you without sacrificing good form, and treat completion as the win.",Fitness,Medium,calisthenics park workout fitness exercise
Take a beginner gymnastics class,"Make time to take a beginner gymnastics class. Warm up properly, move with control, and record the result so you can remember the milestone.",Fitness,Medium,gymnastics class fitness exercise
Learn a basic tumbling skill,Spend a focused session learning a basic tumbling skill. Focus on technique first and intensity second; scale the session to your current fitness level.,Fitness,Medium,tumbling skill fitness exercise
Try a trampoline fitness class,Give a trampoline fitness class a proper try. Give it a focused attempt and notice what your body can do today rather than comparing yourself with anyone else.,Fitness,Medium,trampoline fitness class fitness exercise
Take a rowing-machine interval workout,"Make time to take a rowing-machine interval workout. Pick a level that challenges you without sacrificing good form, and treat completion as the win.",Fitness,Medium,rowing machine interval workout fitness exercise
Complete a fitness assessment,"Set yourself the goal to complete a fitness assessment. Warm up properly, move with control, and record the result so you can remember the milestone.",Fitness,Easy,fitness assessment fitness exercise
Learn proper running form,Spend a focused session learning proper running form. Focus on technique first and intensity second; scale the session to your current fitness level.,Fitness,Medium,proper running form fitness exercise
Run a mile as fast as you can,Set yourself the goal to run a mile as fast as you can. Give it a focused attempt and notice what your body can do today rather than comparing yourself with anyone else.,Fitness,Medium,mile fast can fitness exercise
Complete a 10-kilometer hike,"Set yourself the goal to complete a 10-kilometer hike. Pick a level that challenges you without sacrificing good form, and treat completion as the win.",Fitness,Medium,10 kilometer hike fitness exercise
Try Nordic walking,"Give nordic walking a proper try. Warm up properly, move with control, and record the result so you can remember the milestone.",Fitness,Easy,nordic walking fitness exercise
Take a beginner tennis lesson,Make time to take a beginner tennis lesson. Focus on technique first and intensity second; scale the session to your current fitness level.,Fitness,Easy,tennis lesson fitness exercise
Play a full badminton match,Play a full badminton match. Give it a focused attempt and notice what your body can do today rather than comparing yourself with anyone else.,Fitness,Medium,badminton match fitness exercise
Try squash,"Give squash a proper try. Pick a level that challenges you without sacrificing good form, and treat completion as the win.",Fitness,Medium,squash fitness exercise
Play a pickup basketball game,"Play a pickup basketball game. Warm up properly, move with control, and record the result so you can remember the milestone.",Fitness,Medium,pickup basketball game fitness exercise
Complete a sprint triathlon,Set yourself the goal to complete a sprint triathlon. Focus on technique first and intensity second; scale the session to your current fitness level.,Fitness,Hard,sprint triathlon fitness exercise
Bake a loaf of sourdough bread,"Bake a loaf of sourdough bread. Make the process part of the experience: choose good ingredients, take your time, and enjoy the final result.",Food,Medium,loaf sourdough bread food cooking
Make fresh pasta from scratch,Make fresh pasta from scratch. Try to understand one new technique or flavor combination while you make it.,Food,Medium,fresh pasta scratch food cooking
Roll your own sushi,"Roll your own sushi. Keep the recipe approachable, taste as you go, and share the result if you can.",Food,Medium,sushi food cooking
Make dumplings by hand,"Make dumplings by hand. Turn it into an occasion rather than just another meal, even if the setup stays simple.",Food,Medium,dumplings hand food cooking
Bake a pizza from scratch,"Bake a pizza from scratch. Make the process part of the experience: choose good ingredients, take your time, and enjoy the final result.",Food,Medium,pizza scratch food cooking
Cook a curry from whole spices,Cook a curry from whole spices. Try to understand one new technique or flavor combination while you make it.,Food,Medium,curry whole spices food cooking
Make a ramen bowl from scratch,"Make a ramen bowl from scratch. Keep the recipe approachable, taste as you go, and share the result if you can.",Food,Medium,ramen bowl scratch food cooking
Make a dish with an ingredient you have never cooked before,"Make a dish with an ingredient you have never cooked before. Turn it into an occasion rather than just another meal, even if the setup stays simple.",Food,Medium,dish ingredient never cooked before food cooking
Prepare a three-course dinner,"Prepare a three-course dinner. Make the process part of the experience: choose good ingredients, take your time, and enjoy the final result.",Food,Medium,three course dinner food cooking
Host a homemade brunch,Host a homemade brunch. Try to understand one new technique or flavor combination while you make it.,Food,Medium,homemade brunch food cooking
Pack a picnic with only homemade food,"Pack a picnic with only homemade food. Keep the recipe approachable, taste as you go, and share the result if you can.",Food,Medium,picnic homemade food food cooking
Shop at a farmers market and cook what you find,"Shop at a farmers market and cook what you find. Turn it into an occasion rather than just another meal, even if the setup stays simple.",Food,Medium,farmers market cook what find food cooking
Try a chef’s tasting menu,"Give a chef’s tasting menu a proper try. Make the process part of the experience: choose good ingredients, take your time, and enjoy the final result.",Food,Easy,chef tasting menu food cooking
Eat at a restaurant alone,Eat at a restaurant alone. Try to understand one new technique or flavor combination while you make it.,Food,Easy,restaurant alone food cooking
Try street food you have never eaten,"Give street food you have never eaten a proper try. Keep the recipe approachable, taste as you go, and share the result if you can.",Food,Easy,street food never eaten food cooking
Join a local food tour,"Join a local food tour. Turn it into an occasion rather than just another meal, even if the setup stays simple.",Food,Easy,food tour food cooking
Taste five cheeses side by side,"Taste five cheeses side by side. Make the process part of the experience: choose good ingredients, take your time, and enjoy the final result.",Food,Medium,five cheeses food cooking
Do a coffee cupping,Do a coffee cupping. Try to understand one new technique or flavor combination while you make it.,Food,Easy,coffee cupping food cooking
Attend a tea tasting,"Go to a tea tasting. Keep the recipe approachable, taste as you go, and share the result if you can.",Food,Easy,tea tasting food cooking
Learn to make espresso properly,"Learn the basics of make espresso properly. Turn it into an occasion rather than just another meal, even if the setup stays simple.",Food,Medium,make espresso food cooking
Bake croissants from scratch,"Bake croissants from scratch. Make the process part of the experience: choose good ingredients, take your time, and enjoy the final result.",Food,Medium,croissants scratch food cooking
Make a classic French dessert,Make a classic French dessert. Try to understand one new technique or flavor combination while you make it.,Food,Medium,classic french dessert food cooking
Bake a celebration cake,"Bake a celebration cake. Keep the recipe approachable, taste as you go, and share the result if you can.",Food,Medium,celebration cake food cooking
Make homemade ice cream,"Make homemade ice cream. Turn it into an occasion rather than just another meal, even if the setup stays simple.",Food,Medium,homemade ice cream food cooking
Make chocolate truffles,"Make chocolate truffles. Make the process part of the experience: choose good ingredients, take your time, and enjoy the final result.",Food,Medium,chocolate truffles food cooking
Learn to decorate cupcakes,Learn the basics of decorate cupcakes. Try to understand one new technique or flavor combination while you make it.,Food,Medium,decorate cupcakes food cooking
Make your own jam,"Make your own jam. Keep the recipe approachable, taste as you go, and share the result if you can.",Food,Medium,jam food cooking
Pickle seasonal vegetables,"Pickle seasonal vegetables. Turn it into an occasion rather than just another meal, even if the setup stays simple.",Food,Medium,pickle seasonal vegetables food cooking
Ferment a batch of sauerkraut,"Ferment a batch of sauerkraut. Make the process part of the experience: choose good ingredients, take your time, and enjoy the final result.",Food,Medium,ferment batch sauerkraut food cooking
Make kimchi at home,Make kimchi at home. Try to understand one new technique or flavor combination while you make it.,Food,Medium,kimchi home food cooking
Bake homemade bagels,"Bake homemade bagels. Keep the recipe approachable, taste as you go, and share the result if you can.",Food,Medium,homemade bagels food cooking
Make tortillas from scratch,"Make tortillas from scratch. Turn it into an occasion rather than just another meal, even if the setup stays simple.",Food,Medium,tortillas scratch food cooking
Cook over an open fire,"Cook over an open fire. Make the process part of the experience: choose good ingredients, take your time, and enjoy the final result.",Food,Medium,over open fire food cooking
Prepare a vegetarian feast,Prepare a vegetarian feast. Try to understand one new technique or flavor combination while you make it.,Food,Medium,vegetarian feast food cooking
Cook a fully vegan dinner,"Cook a fully vegan dinner. Keep the recipe approachable, taste as you go, and share the result if you can.",Food,Medium,fully vegan dinner food cooking
Make a meal using only local ingredients,"Make a meal using only local ingredients. Turn it into an occasion rather than just another meal, even if the setup stays simple.",Food,Medium,meal ingredients food cooking
Recreate your favorite restaurant dish,"Recreate your favorite restaurant dish. Make the process part of the experience: choose good ingredients, take your time, and enjoy the final result.",Food,Easy,recreate favorite restaurant dish food cooking
Cook your family’s traditional recipe,Cook your family’s traditional recipe. Try to understand one new technique or flavor combination while you make it.,Food,Medium,family traditional recipe food cooking
Ask a relative to teach you a recipe,"Ask a relative to teach you a recipe. Keep the recipe approachable, taste as you go, and share the result if you can.",Food,Medium,ask relative teach recipe food cooking
Create your own signature sandwich,"Create your own signature sandwich. Turn it into an occasion rather than just another meal, even if the setup stays simple.",Food,Medium,signature sandwich food cooking
Make a perfect omelet,"Make a perfect omelet. Make the process part of the experience: choose good ingredients, take your time, and enjoy the final result.",Food,Medium,perfect omelet food cooking
Learn to cook steak to your preferred doneness,Learn the basics of cook steak to your preferred doneness. Try to understand one new technique or flavor combination while you make it.,Food,Medium,cook steak preferred doneness food cooking
Prepare fresh seafood at home,"Prepare fresh seafood at home. Keep the recipe approachable, taste as you go, and share the result if you can.",Food,Medium,fresh seafood home food cooking
Bake cinnamon rolls,"Bake cinnamon rolls. Turn it into an occasion rather than just another meal, even if the setup stays simple.",Food,Medium,cinnamon rolls food cooking
Make a homemade pie,"Make a homemade pie. Make the process part of the experience: choose good ingredients, take your time, and enjoy the final result.",Food,Medium,homemade pie food cooking
Cook breakfast for someone else,Cook breakfast for someone else. Try to understand one new technique or flavor combination while you make it.,Food,Medium,breakfast someone else food cooking
Host a potluck dinner,"Host a potluck dinner. Keep the recipe approachable, taste as you go, and share the result if you can.",Food,Medium,potluck dinner food cooking
Try a blind taste test with friends,"Give a blind taste test with friends a proper try. Turn it into an occasion rather than just another meal, even if the setup stays simple.",Food,Medium,blind taste test friends food cooking
Order the chef’s recommendation,"Order the chef’s recommendation. Make the process part of the experience: choose good ingredients, take your time, and enjoy the final result.",Food,Easy,chef recommendation food cooking
Try a fruit you have never eaten,Give a fruit you have never eaten a proper try. Try to understand one new technique or flavor combination while you make it.,Food,Easy,fruit never eaten food cooking
Try a regional specialty while traveling,"Give a regional specialty while traveling a proper try. Keep the recipe approachable, taste as you go, and share the result if you can.",Food,Easy,regional specialty while traveling food cooking
Visit a food festival,"Make time to visit a food festival. Turn it into an occasion rather than just another meal, even if the setup stays simple.",Food,Easy,food festival food cooking
Eat at a restaurant with no phones at the table,"Eat at a restaurant with no phones at the table. Make the process part of the experience: choose good ingredients, take your time, and enjoy the final result.",Food,Easy,restaurant phones table food cooking
Make a zero-waste meal from leftovers,Make a zero-waste meal from leftovers. Try to understand one new technique or flavor combination while you make it.,Food,Medium,zero waste meal leftovers food cooking
Plan and cook a seasonal dinner,"Plan and cook a seasonal dinner. Keep the recipe approachable, taste as you go, and share the result if you can.",Food,Medium,cook seasonal dinner food cooking
Take a beginner ceramics glazing workshop,"Make time to take a beginner ceramics glazing workshop. Learn the fundamentals well enough to finish one small, tangible result you can keep or demonstrate.",Skills,Medium,ceramics glazing workshop learning craft
Take a beginner photography workshop,Make time to take a beginner photography workshop. Focus on one core technique instead of trying to master everything in a single session.,Skills,Medium,photography workshop learning craft
Learn to shoot in manual camera mode,"Learn the basics of shoot in manual camera mode. Use a class, tutorial, or experienced teacher, then practice until you can do the basic version independently.",Skills,Medium,shoot manual camera mode learning craft
Paint a canvas with acrylics,"Paint a canvas with acrylics. Aim for progress you can see by the end of the session, not perfection.",Skills,Medium,paint canvas acrylics learning craft
Try watercolor painting,"Give watercolor painting a proper try. Learn the fundamentals well enough to finish one small, tangible result you can keep or demonstrate.",Skills,Medium,watercolor painting learning craft
Learn to sketch a portrait,Learn the basics of sketch a portrait. Focus on one core technique instead of trying to master everything in a single session.,Skills,Medium,sketch portrait learning craft
Learn one full song on guitar,"Spend a focused session learning one full song on guitar. Use a class, tutorial, or experienced teacher, then practice until you can do the basic version independently.",Skills,Medium,song guitar learning craft
Learn one full song on piano,"Spend a focused session learning one full song on piano. Aim for progress you can see by the end of the session, not perfection.",Skills,Medium,song piano learning craft
Take a beginner drum lesson,"Make time to take a beginner drum lesson. Learn the fundamentals well enough to finish one small, tangible result you can keep or demonstrate.",Skills,Medium,drum lesson learning craft
Learn a simple song on ukulele,Spend a focused session learning a simple song on ukulele. Focus on one core technique instead of trying to master everything in a single session.,Skills,Medium,song ukulele learning craft
Sew a button on properly,"Sew a button on properly. Use a class, tutorial, or experienced teacher, then practice until you can do the basic version independently.",Skills,Easy,sew button learning craft
Repair a small tear in clothing,"Repair a small tear in clothing. Aim for progress you can see by the end of the session, not perfection.",Skills,Easy,repair small tear clothing learning craft
Knit a simple scarf,"Knit a simple scarf. Learn the fundamentals well enough to finish one small, tangible result you can keep or demonstrate.",Skills,Medium,knit scarf learning craft
Crochet a small project,Crochet a small project. Focus on one core technique instead of trying to master everything in a single session.,Skills,Medium,crochet small project learning craft
Build a small wooden shelf,"Make this one happen: build a small wooden shelf. Use a class, tutorial, or experienced teacher, then practice until you can do the basic version independently.",Skills,Medium,small wooden shelf learning craft
Take a beginner woodworking class,"Make time to take a beginner woodworking class. Aim for progress you can see by the end of the session, not perfection.",Skills,Medium,woodworking class learning craft
Learn basic first aid,"Spend a focused session learning basic first aid. Learn the fundamentals well enough to finish one small, tangible result you can keep or demonstrate.",Skills,Medium,aid learning craft
Complete a CPR course,Set yourself the goal to complete a CPR course. Focus on one core technique instead of trying to master everything in a single session.,Skills,Medium,cpr course learning craft
Learn ten phrases in sign language,"Spend a focused session learning ten phrases in sign language. Use a class, tutorial, or experienced teacher, then practice until you can do the basic version independently.",Skills,Easy,ten phrases sign language learning craft
Learn to introduce yourself in a new language,"Learn the basics of introduce yourself in a new language. Aim for progress you can see by the end of the session, not perfection.",Skills,Medium,introduce yourself language learning craft
Give a five-minute speech without notes,"Give a five-minute speech without notes. Learn the fundamentals well enough to finish one small, tangible result you can keep or demonstrate.",Skills,Medium,five minute speech notes learning craft
Attend an improv class,Go to an improv class. Focus on one core technique instead of trying to master everything in a single session.,Skills,Medium,improv class learning craft
Learn the rules of chess,"Spend a focused session learning the rules of chess. Use a class, tutorial, or experienced teacher, then practice until you can do the basic version independently.",Skills,Easy,rules chess learning craft
Win a chess game using a planned opening,"Try to win a chess game using a planned opening. Aim for progress you can see by the end of the session, not perfection.",Skills,Medium,chess game planned opening learning craft
Learn to juggle three balls,"Learn the basics of juggle three balls. Learn the fundamentals well enough to finish one small, tangible result you can keep or demonstrate.",Skills,Easy,juggle three balls learning craft
Try modern calligraphy,Give modern calligraphy a proper try. Focus on one core technique instead of trying to master everything in a single session.,Skills,Medium,modern calligraphy learning craft
Fold an advanced origami model,"Fold an advanced origami model. Use a class, tutorial, or experienced teacher, then practice until you can do the basic version independently.",Skills,Easy,advanced origami model learning craft
Create a simple flower arrangement,"Create a simple flower arrangement. Aim for progress you can see by the end of the session, not perfection.",Skills,Easy,flower arrangement learning craft
Learn basic cocktail mixing,"Spend a focused session learning basic cocktail mixing. Learn the fundamentals well enough to finish one small, tangible result you can keep or demonstrate.",Skills,Medium,cocktail mixing learning craft
Learn to drive a manual-transmission car,Learn the basics of drive a manual-transmission car. Focus on one core technique instead of trying to master everything in a single session.,Skills,Medium,drive manual transmission car learning craft
Navigate somewhere using only a paper map,"Navigate somewhere using only a paper map. Use a class, tutorial, or experienced teacher, then practice until you can do the basic version independently.",Skills,Medium,navigate paper map learning craft
Fix a flat bicycle tire,"Fix a flat bicycle tire. Aim for progress you can see by the end of the session, not perfection.",Skills,Easy,flat bicycle tire learning craft
Learn to adjust bicycle brakes,"Learn the basics of adjust bicycle brakes. Learn the fundamentals well enough to finish one small, tangible result you can keep or demonstrate.",Skills,Medium,adjust bicycle brakes learning craft
Change a car tire,Change a car tire. Focus on one core technique instead of trying to master everything in a single session.,Skills,Easy,car tire learning craft
Learn to sharpen a kitchen knife,"Learn the basics of sharpen a kitchen knife. Use a class, tutorial, or experienced teacher, then practice until you can do the basic version independently.",Skills,Medium,sharpen kitchen knife learning craft
Learn five useful outdoor knots,"Spend a focused session learning five useful outdoor knots. Aim for progress you can see by the end of the session, not perfection.",Skills,Easy,five useful outdoor knots learning craft
Build a simple personal website,"Make this one happen: build a simple personal website. Learn the fundamentals well enough to finish one small, tangible result you can keep or demonstrate.",Skills,Medium,personal website learning craft
Create a tiny app or script that solves a real problem,Create a tiny app or script that solves a real problem. Focus on one core technique instead of trying to master everything in a single session.,Skills,Medium,tiny app script that solves learning craft
Design and 3D-print a small object,"Design and 3D-print a small object. Use a class, tutorial, or experienced teacher, then practice until you can do the basic version independently.",Skills,Medium,3d print small object learning craft
Learn the basics of drone flying,"Spend a focused session learning the basics of drone flying. Aim for progress you can see by the end of the session, not perfection.",Skills,Medium,drone flying learning craft
Take a beginner sewing-machine lesson,"Make time to take a beginner sewing-machine lesson. Learn the fundamentals well enough to finish one small, tangible result you can keep or demonstrate.",Skills,Medium,sewing machine lesson learning craft
Make a leather keychain,Make a leather keychain. Focus on one core technique instead of trying to master everything in a single session.,Skills,Medium,leather keychain learning craft
Try glassblowing with an instructor,"Give glassblowing with an instructor a proper try. Use a class, tutorial, or experienced teacher, then practice until you can do the basic version independently.",Skills,Medium,glassblowing instructor learning craft
Make a piece of jewelry,"Make a piece of jewelry. Aim for progress you can see by the end of the session, not perfection.",Skills,Medium,piece jewelry learning craft
Take a basic electronics workshop,"Make time to take a basic electronics workshop. Learn the fundamentals well enough to finish one small, tangible result you can keep or demonstrate.",Skills,Medium,electronics workshop learning craft
Learn to solder two wires correctly,Learn the basics of solder two wires correctly. Focus on one core technique instead of trying to master everything in a single session.,Skills,Medium,solder two wires correctly learning craft
Take a beginner coding workshop,"Make time to take a beginner coding workshop. Use a class, tutorial, or experienced teacher, then practice until you can do the basic version independently.",Skills,Medium,coding workshop learning craft
Learn basic photo editing,"Spend a focused session learning basic photo editing. Aim for progress you can see by the end of the session, not perfection.",Skills,Easy,photo editing learning craft
Edit a one-minute video,"Edit a one-minute video. Learn the fundamentals well enough to finish one small, tangible result you can keep or demonstrate.",Skills,Medium,minute video learning craft
Record and edit a short podcast episode,Record and edit a short podcast episode. Focus on one core technique instead of trying to master everything in a single session.,Skills,Medium,edit short podcast episode learning craft
Learn to use a telescope,"Learn the basics of use a telescope. Use a class, tutorial, or experienced teacher, then practice until you can do the basic version independently.",Skills,Easy,use telescope learning craft
Take a basic navigation course,"Make time to take a basic navigation course. Aim for progress you can see by the end of the session, not perfection.",Skills,Medium,navigation course learning craft
Learn to identify ten common birds,"Learn the basics of identify ten common birds. Learn the fundamentals well enough to finish one small, tangible result you can keep or demonstrate.",Skills,Easy,identify ten common birds learning craft
Learn to identify ten local trees,Learn the basics of identify ten local trees. Focus on one core technique instead of trying to master everything in a single session.,Skills,Easy,identify ten trees learning craft
Create a handmade gift from scratch,"Create a handmade gift from scratch. Use a class, tutorial, or experienced teacher, then practice until you can do the basic version independently.",Skills,Medium,handmade gift scratch learning craft
Visit a protected wetland boardwalk,"Make time to visit a protected wetland boardwalk. Give yourself time to slow down, observe the surroundings, and leave the place exactly as you found it.",Nature,Easy,protected wetland boardwalk nature outdoors
Watch a meteor shower,"Set aside time to watch a meteor shower. Go when conditions are suitable, keep your impact low, and pay attention to the small details around you.",Nature,Easy,meteor shower nature outdoors
Go stargazing away from city lights,Make a plan to go stargazing away from city lights. Treat it as quiet time outdoors rather than something to rush through.,Nature,Easy,stargazing away city lights nature outdoors
Watch sunrise from a quiet natural viewpoint,"Set aside time to watch sunrise from a quiet natural viewpoint. Bring only what you need, respect wildlife and local rules, and stay long enough to really notice the place.",Nature,Easy,sunrise quiet natural viewpoint nature outdoors
Watch sunset beside a lake,"Set aside time to watch sunset beside a lake. Give yourself time to slow down, observe the surroundings, and leave the place exactly as you found it.",Nature,Easy,sunset beside lake nature outdoors
Go birdwatching at dawn,"Make a plan to go birdwatching at dawn. Go when conditions are suitable, keep your impact low, and pay attention to the small details around you.",Nature,Easy,birdwatching dawn nature outdoors
Visit a botanical garden,Make time to visit a botanical garden. Treat it as quiet time outdoors rather than something to rush through.,Nature,Easy,botanical garden nature outdoors
Hike to a hidden waterfall,"Hike to a hidden waterfall. Bring only what you need, respect wildlife and local rules, and stay long enough to really notice the place.",Nature,Medium,hidden waterfall nature outdoors
Walk through a field of wildflowers,"Walk through a field of wildflowers. Give yourself time to slow down, observe the surroundings, and leave the place exactly as you found it.",Nature,Easy,field wildflowers nature outdoors
Try forest bathing,"Give forest bathing a proper try. Go when conditions are suitable, keep your impact low, and pay attention to the small details around you.",Nature,Easy,forest bathing nature outdoors
Walk barefoot along a beach,Walk barefoot along a beach. Treat it as quiet time outdoors rather than something to rush through.,Nature,Easy,barefoot along beach nature outdoors
Explore tide pools at low tide,"Take time to explore tide pools at low tide. Bring only what you need, respect wildlife and local rules, and stay long enough to really notice the place.",Nature,Easy,tide pools low tide nature outdoors
Join a guided wildlife-watching tour,"Join a guided wildlife-watching tour. Give yourself time to slow down, observe the surroundings, and leave the place exactly as you found it.",Nature,Easy,guided wildlife watching tour nature outdoors
Visit a protected nature reserve,"Make time to visit a protected nature reserve. Go when conditions are suitable, keep your impact low, and pay attention to the small details around you.",Nature,Easy,protected nature reserve nature outdoors
Have a picnic beside a lake,Have a picnic beside a lake. Treat it as quiet time outdoors rather than something to rush through.,Nature,Easy,picnic beside lake nature outdoors
Camp under a clear night sky,"Make this one happen: camp under a clear night sky. Bring only what you need, respect wildlife and local rules, and stay long enough to really notice the place.",Nature,Medium,camp under clear night sky nature outdoors
Plant a native tree,"Plant a native tree. Give yourself time to slow down, observe the surroundings, and leave the place exactly as you found it.",Nature,Easy,plant native tree nature outdoors
Grow herbs from seed,"Grow herbs from seed. Go when conditions are suitable, keep your impact low, and pay attention to the small details around you.",Nature,Easy,grow herbs seed nature outdoors
Learn to identify five wildflowers,Learn the basics of identify five wildflowers. Treat it as quiet time outdoors rather than something to rush through.,Nature,Easy,identify five wildflowers nature outdoors
Join a guided mushroom walk,"Join a guided mushroom walk. Bring only what you need, respect wildlife and local rules, and stay long enough to really notice the place.",Nature,Easy,guided mushroom walk nature outdoors
Take macro photos of plants and insects,"Make time to take macro photos of plants and insects. Give yourself time to slow down, observe the surroundings, and leave the place exactly as you found it.",Nature,Easy,macro photos plants insects nature outdoors
Photograph the moon,"Photograph the moon. Go when conditions are suitable, keep your impact low, and pay attention to the small details around you.",Nature,Easy,photograph moon nature outdoors
Watch clouds for half an hour,Set aside time to watch clouds for half an hour. Treat it as quiet time outdoors rather than something to rush through.,Nature,Easy,clouds half hour nature outdoors
Take a walk in warm summer rain,"Make time to take a walk in warm summer rain. Bring only what you need, respect wildlife and local rules, and stay long enough to really notice the place.",Nature,Easy,walk warm summer rain nature outdoors
Spend a snowy morning outdoors,"Set aside time to spend a snowy morning outdoors. Give yourself time to slow down, observe the surroundings, and leave the place exactly as you found it.",Nature,Easy,snowy morning outdoors nature outdoors
See peak autumn foliage,"Make a plan to see peak autumn foliage. Go when conditions are suitable, keep your impact low, and pay attention to the small details around you.",Nature,Easy,peak autumn foliage nature outdoors
Walk beneath spring blossoms,Walk beneath spring blossoms. Treat it as quiet time outdoors rather than something to rush through.,Nature,Easy,beneath spring blossoms nature outdoors
Watch a thunderstorm from a safe sheltered place,"Set aside time to watch a thunderstorm from a safe sheltered place. Bring only what you need, respect wildlife and local rules, and stay long enough to really notice the place.",Nature,Easy,thunderstorm safe sheltered place nature outdoors
Join a beach cleanup,"Join a beach cleanup. Give yourself time to slow down, observe the surroundings, and leave the place exactly as you found it.",Nature,Medium,beach cleanup nature outdoors
Join a river cleanup,"Join a river cleanup. Go when conditions are suitable, keep your impact low, and pay attention to the small details around you.",Nature,Medium,river cleanup nature outdoors
Visit the source of a local river,Make time to visit the source of a local river. Treat it as quiet time outdoors rather than something to rush through.,Nature,Medium,source river nature outdoors
Walk through an old-growth forest,"Walk through an old-growth forest. Bring only what you need, respect wildlife and local rules, and stay long enough to really notice the place.",Nature,Medium,old growth forest nature outdoors
Visit a peat bog or wetland,"Make time to visit a peat bog or wetland. Give yourself time to slow down, observe the surroundings, and leave the place exactly as you found it.",Nature,Easy,peat bog wetland nature outdoors
Explore a coastal nature trail,"Take time to explore a coastal nature trail. Go when conditions are suitable, keep your impact low, and pay attention to the small details around you.",Nature,Easy,coastal nature trail nature outdoors
See bioluminescent water,Make a plan to see bioluminescent water. Treat it as quiet time outdoors rather than something to rush through.,Nature,Medium,bioluminescent water nature outdoors
Watch fireflies at night,"Set aside time to watch fireflies at night. Bring only what you need, respect wildlife and local rules, and stay long enough to really notice the place.",Nature,Easy,fireflies night nature outdoors
Visit a natural hot spring,"Make time to visit a natural hot spring. Give yourself time to slow down, observe the surroundings, and leave the place exactly as you found it.",Nature,Medium,natural hot spring nature outdoors
Walk through a canyon,"Walk through a canyon. Go when conditions are suitable, keep your impact low, and pay attention to the small details around you.",Nature,Medium,canyon nature outdoors
Visit a cave with unusual formations,Make time to visit a cave with unusual formations. Treat it as quiet time outdoors rather than something to rush through.,Nature,Medium,cave unusual formations nature outdoors
See a natural arch or rock bridge,"Make a plan to see a natural arch or rock bridge. Bring only what you need, respect wildlife and local rules, and stay long enough to really notice the place.",Nature,Easy,natural arch rock bridge nature outdoors
Visit a sand dune ecosystem,"Make time to visit a sand dune ecosystem. Give yourself time to slow down, observe the surroundings, and leave the place exactly as you found it.",Nature,Medium,sand dune ecosystem nature outdoors
Spend an hour beside a river with no phone,"Set aside time to spend an hour beside a river with no phone. Go when conditions are suitable, keep your impact low, and pay attention to the small details around you.",Nature,Easy,hour beside river phone nature outdoors
Listen to birds before sunrise,Listen to birds before sunrise. Treat it as quiet time outdoors rather than something to rush through.,Nature,Easy,listen birds before sunrise nature outdoors
Find and photograph animal tracks,"Find and photograph animal tracks. Bring only what you need, respect wildlife and local rules, and stay long enough to really notice the place.",Nature,Easy,find photograph animal tracks nature outdoors
Watch the full moon rise,"Set aside time to watch the full moon rise. Give yourself time to slow down, observe the surroundings, and leave the place exactly as you found it.",Nature,Easy,moon rise nature outdoors
Watch the first snowfall of the season,"Set aside time to watch the first snowfall of the season. Go when conditions are suitable, keep your impact low, and pay attention to the small details around you.",Nature,Easy,snowfall season nature outdoors
See frost-covered trees at sunrise,Make a plan to see frost-covered trees at sunrise. Treat it as quiet time outdoors rather than something to rush through.,Nature,Easy,frost covered trees sunrise nature outdoors
Explore a meadow at golden hour,"Take time to explore a meadow at golden hour. Bring only what you need, respect wildlife and local rules, and stay long enough to really notice the place.",Nature,Easy,meadow golden hour nature outdoors
Visit a nature reserve in every season,"Make time to visit a nature reserve in every season. Give yourself time to slow down, observe the surroundings, and leave the place exactly as you found it.",Nature,Medium,nature reserve season nature outdoors
Spend a day outside from sunrise to sunset,"Set aside time to spend a day outside from sunrise to sunset. Go when conditions are suitable, keep your impact low, and pay attention to the small details around you.",Nature,Medium,day outside sunrise sunset nature outdoors
Visit an art museum you have never seen,"Make time to visit an art museum you have never seen. Give it your full attention, learn one piece of context beforehand, and notice what stays with you afterward.",Culture,Easy,art museum never seen arts culture
Spend an afternoon in a contemporary gallery,"Set aside time to spend an afternoon in a contemporary gallery. Go beyond the headline attraction and spend time with one work, story, or performance that catches your interest.",Culture,Easy,afternoon contemporary gallery arts culture
See a live theater performance,"Make a plan to see a live theater performance. Use the experience to learn something about a place, community, artist, or tradition you did not know before.",Culture,Easy,live theater performance arts culture
Watch a ballet performance,Set aside time to watch a ballet performance. Keep an open mind and let yourself enjoy it even if it is outside your usual taste.,Culture,Easy,ballet performance arts culture
Go to the opera,"Make a plan to go to the opera. Give it your full attention, learn one piece of context beforehand, and notice what stays with you afterward.",Culture,Easy,opera arts culture
Attend a classical music concert,"Go to a classical music concert. Go beyond the headline attraction and spend time with one work, story, or performance that catches your interest.",Culture,Easy,classical music concert arts culture
Listen to live jazz,"Listen to live jazz. Use the experience to learn something about a place, community, artist, or tradition you did not know before.",Culture,Easy,listen live jazz arts culture
Attend a local cultural festival,Go to a local cultural festival. Keep an open mind and let yourself enjoy it even if it is outside your usual taste.,Culture,Easy,cultural festival arts culture
Visit a historic castle,"Make time to visit a historic castle. Give it your full attention, learn one piece of context beforehand, and notice what stays with you afterward.",Culture,Easy,historic castle arts culture
Tour a historic house,"Tour a historic house. Go beyond the headline attraction and spend time with one work, story, or performance that catches your interest.",Culture,Easy,tour historic house arts culture
Take an architecture walking tour,"Make time to take an architecture walking tour. Use the experience to learn something about a place, community, artist, or tradition you did not know before.",Culture,Easy,architecture walking tour arts culture
Explore a street-art district,Take time to explore a street-art district. Keep an open mind and let yourself enjoy it even if it is outside your usual taste.,Culture,Easy,street art district arts culture
Attend an author reading,"Go to an author reading. Give it your full attention, learn one piece of context beforehand, and notice what stays with you afterward.",Culture,Easy,author reading arts culture
Go to a poetry night,"Make a plan to go to a poetry night. Go beyond the headline attraction and spend time with one work, story, or performance that catches your interest.",Culture,Easy,poetry night arts culture
Attend a film festival,"Go to a film festival. Use the experience to learn something about a place, community, artist, or tradition you did not know before.",Culture,Easy,film festival arts culture
Watch a film at an independent cinema,Set aside time to watch a film at an independent cinema. Keep an open mind and let yourself enjoy it even if it is outside your usual taste.,Culture,Easy,film independent cinema arts culture
Watch a foreign-language film without dubbing,"Set aside time to watch a foreign-language film without dubbing. Give it your full attention, learn one piece of context beforehand, and notice what stays with you afterward.",Culture,Easy,foreign language film dubbing arts culture
Attend an open-mic night,"Go to an open-mic night. Go beyond the headline attraction and spend time with one work, story, or performance that catches your interest.",Culture,Easy,open mic night arts culture
See a live stand-up comedy show,"Make a plan to see a live stand-up comedy show. Use the experience to learn something about a place, community, artist, or tradition you did not know before.",Culture,Easy,live stand comedy show arts culture
Watch a traditional dance performance,Set aside time to watch a traditional dance performance. Keep an open mind and let yourself enjoy it even if it is outside your usual taste.,Culture,Easy,traditional dance performance arts culture
Listen to a folk-music concert,"Listen to a folk-music concert. Give it your full attention, learn one piece of context beforehand, and notice what stays with you afterward.",Culture,Easy,listen folk music concert arts culture
Visit a craft market,"Make time to visit a craft market. Go beyond the headline attraction and spend time with one work, story, or performance that catches your interest.",Culture,Easy,craft market arts culture
Explore a flea market,"Take time to explore a flea market. Use the experience to learn something about a place, community, artist, or tradition you did not know before.",Culture,Easy,flea market arts culture
Visit an antique fair,Make time to visit an antique fair. Keep an open mind and let yourself enjoy it even if it is outside your usual taste.,Culture,Easy,antique fair arts culture
Visit a historic library,"Make time to visit a historic library. Give it your full attention, learn one piece of context beforehand, and notice what stays with you afterward.",Culture,Easy,historic library arts culture
See a famous monument in person,"Make a plan to see a famous monument in person. Go beyond the headline attraction and spend time with one work, story, or performance that catches your interest.",Culture,Easy,famous monument person arts culture
Take a guided history tour of your city,"Make time to take a guided history tour of your city. Use the experience to learn something about a place, community, artist, or tradition you did not know before.",Culture,Easy,guided history tour city arts culture
Visit a place of worship for its architecture,Make time to visit a place of worship for its architecture. Keep an open mind and let yourself enjoy it even if it is outside your usual taste.,Culture,Easy,place worship its architecture arts culture
Explore an archaeological site,"Take time to explore an archaeological site. Give it your full attention, learn one piece of context beforehand, and notice what stays with you afterward.",Culture,Easy,archaeological site arts culture
Visit a science museum,"Make time to visit a science museum. Go beyond the headline attraction and spend time with one work, story, or performance that catches your interest.",Culture,Easy,science museum arts culture
Visit a design museum,"Make time to visit a design museum. Use the experience to learn something about a place, community, artist, or tradition you did not know before.",Culture,Easy,design museum arts culture
Visit a photography exhibition,Make time to visit a photography exhibition. Keep an open mind and let yourself enjoy it even if it is outside your usual taste.,Culture,Easy,photography exhibition arts culture
See a temporary museum exhibition,"Make a plan to see a temporary museum exhibition. Give it your full attention, learn one piece of context beforehand, and notice what stays with you afterward.",Culture,Easy,temporary museum exhibition arts culture
Attend a public lecture,"Go to a public lecture. Go beyond the headline attraction and spend time with one work, story, or performance that catches your interest.",Culture,Easy,public lecture arts culture
Go to a book launch,"Make a plan to go to a book launch. Use the experience to learn something about a place, community, artist, or tradition you did not know before.",Culture,Easy,book launch arts culture
Visit a local history museum,Make time to visit a local history museum. Keep an open mind and let yourself enjoy it even if it is outside your usual taste.,Culture,Easy,history museum arts culture
Attend a traditional ceremony open to visitors,"Go to a traditional ceremony open to visitors. Give it your full attention, learn one piece of context beforehand, and notice what stays with you afterward.",Culture,Easy,traditional ceremony open visitors arts culture
Learn the story behind a local legend,"Spend a focused session learning the story behind a local legend. Go beyond the headline attraction and spend time with one work, story, or performance that catches your interest.",Culture,Easy,story behind legend arts culture
See a silent film with live music,"Make a plan to see a silent film with live music. Use the experience to learn something about a place, community, artist, or tradition you did not know before.",Culture,Easy,silent film live music arts culture
Attend a chamber-music performance,Go to a chamber-music performance. Keep an open mind and let yourself enjoy it even if it is outside your usual taste.,Culture,Easy,chamber music performance arts culture
Visit an artist’s studio during an open day,"Make time to visit an artist’s studio during an open day. Give it your full attention, learn one piece of context beforehand, and notice what stays with you afterward.",Culture,Easy,artist studio during open day arts culture
Take a guided tour of a theater backstage,"Make time to take a guided tour of a theater backstage. Go beyond the headline attraction and spend time with one work, story, or performance that catches your interest.",Culture,Easy,guided tour theater backstage arts culture
See public art you normally walk past,"Make a plan to see public art you normally walk past. Use the experience to learn something about a place, community, artist, or tradition you did not know before.",Culture,Easy,public art normally walk past arts culture
Read a classic novel from another country,Read a classic novel from another country. Keep an open mind and let yourself enjoy it even if it is outside your usual taste.,Culture,Easy,classic novel another country arts culture
Spend a day exploring your city like a tourist,"Set aside time to spend a day exploring your city like a tourist. Give it your full attention, learn one piece of context beforehand, and notice what stays with you afterward.",Culture,Easy,day exploring city like tourist arts culture
Host a dinner for friends,"Host a dinner for friends. Keep it low-pressure, make space for everyone to participate, and focus on having a genuinely good time together.",Social,Easy,dinner friends friends people
Organize a picnic with friends,Organize a picnic with friends. The goal is simple: create a reason to spend meaningful time with people instead of waiting for the perfect occasion.,Social,Easy,organize picnic friends friends people
Host a board-game night,Host a board-game night. Make the invitation easy to say yes to and put the phones away for at least part of it.,Social,Easy,board game night friends people
Go to karaoke with a group,Make a plan to go to karaoke with a group. Use it as a chance to strengthen a connection or meet someone outside your usual circle.,Social,Easy,karaoke group friends people
Join a pub quiz team,"Join a pub quiz team. Keep it low-pressure, make space for everyone to participate, and focus on having a genuinely good time together.",Social,Easy,pub quiz team friends people
Volunteer at a local charity,Volunteer at a local charity. The goal is simple: create a reason to spend meaningful time with people instead of waiting for the perfect occasion.,Social,Easy,volunteer charity friends people
Help at a community event,Help at a community event. Make the invitation easy to say yes to and put the phones away for at least part of it.,Social,Easy,community event friends people
Attend a meetup about something you enjoy,Go to a meetup about something you enjoy. Use it as a chance to strengthen a connection or meet someone outside your usual circle.,Social,Easy,meetup enjoy friends people
Reconnect with a friend you have not seen in a year,"Reconnect with a friend you have not seen in a year. Keep it low-pressure, make space for everyone to participate, and focus on having a genuinely good time together.",Social,Easy,friend not seen year friends people
Write a thank-you note to someone who helped you,Write a thank-you note to someone who helped you. The goal is simple: create a reason to spend meaningful time with people instead of waiting for the perfect occasion.,Social,Easy,thank note someone who helped friends people
Organize a group hike,Organize a group hike. Make the invitation easy to say yes to and put the phones away for at least part of it.,Social,Easy,organize group hike friends people
Cook a meal with friends,Cook a meal with friends. Use it as a chance to strengthen a connection or meet someone outside your usual circle.,Social,Easy,meal friends friends people
Take a group class with someone new,"Make time to take a group class with someone new. Keep it low-pressure, make space for everyone to participate, and focus on having a genuinely good time together.",Social,Easy,group class someone friends people
Plan a surprise for a friend,Plan a surprise for a friend. The goal is simple: create a reason to spend meaningful time with people instead of waiting for the perfect occasion.,Social,Easy,surprise friend friends people
Invite a neighbor for coffee,Invite a neighbor for coffee. Make the invitation easy to say yes to and put the phones away for at least part of it.,Social,Easy,neighbor coffee friends people
Organize a skill-swap evening,Organize a skill-swap evening. Use it as a chance to strengthen a connection or meet someone outside your usual circle.,Social,Easy,organize skill swap evening friends people
Join a book club meeting,"Join a book club meeting. Keep it low-pressure, make space for everyone to participate, and focus on having a genuinely good time together.",Social,Easy,book club meeting friends people
Host a movie night,Host a movie night. The goal is simple: create a reason to spend meaningful time with people instead of waiting for the perfect occasion.,Social,Easy,movie night friends people
Have a no-phone dinner with friends,Have a no-phone dinner with friends. Make the invitation easy to say yes to and put the phones away for at least part of it.,Social,Easy,phone dinner friends friends people
Organize a potluck,Organize a potluck. Use it as a chance to strengthen a connection or meet someone outside your usual circle.,Social,Easy,organize potluck friends people
Join a community cleanup,"Join a community cleanup. Keep it low-pressure, make space for everyone to participate, and focus on having a genuinely good time together.",Social,Easy,community cleanup friends people
Volunteer at an animal shelter,Volunteer at an animal shelter. The goal is simple: create a reason to spend meaningful time with people instead of waiting for the perfect occasion.,Social,Easy,volunteer animal shelter friends people
Mentor someone for an hour,Mentor someone for an hour. Make the invitation easy to say yes to and put the phones away for at least part of it.,Social,Easy,mentor someone hour friends people
Attend a language-exchange event,Go to a language-exchange event. Use it as a chance to strengthen a connection or meet someone outside your usual circle.,Social,Easy,language exchange event friends people
Go to a concert with someone new,"Make a plan to go to a concert with someone new. Keep it low-pressure, make space for everyone to participate, and focus on having a genuinely good time together.",Social,Easy,concert someone friends people
Plan a family day out,Plan a family day out. The goal is simple: create a reason to spend meaningful time with people instead of waiting for the perfect occasion.,Social,Easy,family day out friends people
Host a themed dinner night,Host a themed dinner night. Make the invitation easy to say yes to and put the phones away for at least part of it.,Social,Easy,themed dinner night friends people
Organize a casual sports game,Organize a casual sports game. Use it as a chance to strengthen a connection or meet someone outside your usual circle.,Social,Easy,organize casual sports game friends people
Join a local club,"Join a local club. Keep it low-pressure, make space for everyone to participate, and focus on having a genuinely good time together.",Social,Easy,club friends people
Introduce two friends who should know each other,Make this one happen: introduce two friends who should know each other. The goal is simple: create a reason to spend meaningful time with people instead of waiting for the perfect occasion.,Social,Easy,two friends who should know friends people
Send a handwritten postcard to a friend,Send a handwritten postcard to a friend. Make the invitation easy to say yes to and put the phones away for at least part of it.,Social,Easy,handwritten postcard friend friends people
Call a relative you rarely speak to,Call a relative you rarely speak to. Use it as a chance to strengthen a connection or meet someone outside your usual circle.,Social,Easy,relative rarely speak friends people
Have breakfast with a friend before work,"Have breakfast with a friend before work. Keep it low-pressure, make space for everyone to participate, and focus on having a genuinely good time together.",Social,Easy,breakfast friend before work friends people
Take a friend on a spontaneous day trip,Make time to take a friend on a spontaneous day trip. The goal is simple: create a reason to spend meaningful time with people instead of waiting for the perfect occasion.,Social,Easy,friend spontaneous day trip friends people
Organize a group photo walk,Organize a group photo walk. Make the invitation easy to say yes to and put the phones away for at least part of it.,Social,Easy,organize group photo walk friends people
Join a community workshop,Join a community workshop. Use it as a chance to strengthen a connection or meet someone outside your usual circle.,Social,Easy,community workshop friends people
Attend a neighborhood event,"Go to a neighborhood event. Keep it low-pressure, make space for everyone to participate, and focus on having a genuinely good time together.",Social,Easy,neighborhood event friends people
Cook a family recipe together,Cook a family recipe together. The goal is simple: create a reason to spend meaningful time with people instead of waiting for the perfect occasion.,Social,Easy,family recipe together friends people
Plan a reunion with old friends,Plan a reunion with old friends. Make the invitation easy to say yes to and put the phones away for at least part of it.,Social,Easy,reunion old friends friends people
Spend an afternoon helping someone with a project,Set aside time to spend an afternoon helping someone with a project. Use it as a chance to strengthen a connection or meet someone outside your usual circle.,Social,Easy,afternoon helping someone project friends people
Declutter one room completely,"Declutter one room completely. Keep it simple and intentional, and notice whether the small change makes everyday life feel better.",Lifestyle,Easy,declutter room completely home lifestyle
Spend a full day without social media,Set aside time to spend a full day without social media. Treat it as a one-day experiment rather than a permanent rule and see what you actually enjoy about it.,Lifestyle,Easy,day social media home lifestyle
Create a reading corner at home,"Create a reading corner at home. Give the idea enough time to feel different from your normal routine, without turning it into another productivity task.",Lifestyle,Easy,reading corner home home lifestyle
Start a small herb garden,"Start a small herb garden. Make it personal, practical, and enjoyable enough that you would want to remember the day.",Lifestyle,Easy,start small herb garden home lifestyle
Print and frame your favorite photos,"Print and frame your favorite photos. Keep it simple and intentional, and notice whether the small change makes everyday life feel better.",Lifestyle,Easy,print frame favorite photos home lifestyle
Create a wall of personal memories,Create a wall of personal memories. Treat it as a one-day experiment rather than a permanent rule and see what you actually enjoy about it.,Lifestyle,Easy,wall personal memories home lifestyle
Take yourself on a solo date,"Make time to take yourself on a solo date. Give the idea enough time to feel different from your normal routine, without turning it into another productivity task.",Lifestyle,Easy,yourself solo date home lifestyle
Buy yourself fresh flowers,"Buy yourself fresh flowers. Make it personal, practical, and enjoyable enough that you would want to remember the day.",Lifestyle,Easy,buy yourself fresh flowers home lifestyle
Spend a Sunday with no plans,"Set aside time to spend a Sunday with no plans. Keep it simple and intentional, and notice whether the small change makes everyday life feel better.",Lifestyle,Easy,sunday plans home lifestyle
Wake up early enough to see sunrise,Wake up early enough to see sunrise. Treat it as a one-day experiment rather than a permanent rule and see what you actually enjoy about it.,Lifestyle,Easy,wake early enough see sunrise home lifestyle
Cook every meal at home for one day,"Cook every meal at home for one day. Give the idea enough time to feel different from your normal routine, without turning it into another productivity task.",Lifestyle,Easy,meal home day home lifestyle
Use no car for an entire day,"Use no car for an entire day. Make it personal, practical, and enjoyable enough that you would want to remember the day.",Lifestyle,Easy,car entire day home lifestyle
Spend a full evening without screens,"Set aside time to spend a full evening without screens. Keep it simple and intentional, and notice whether the small change makes everyday life feel better.",Lifestyle,Easy,evening screens home lifestyle
Create a playlist for a specific memory,Create a playlist for a specific memory. Treat it as a one-day experiment rather than a permanent rule and see what you actually enjoy about it.,Lifestyle,Easy,playlist specific memory home lifestyle
Rearrange a room for a fresh feel,"Rearrange a room for a fresh feel. Give the idea enough time to feel different from your normal routine, without turning it into another productivity task.",Lifestyle,Easy,rearrange room fresh feel home lifestyle
Repair an item instead of replacing it,"Repair an item instead of replacing it. Make it personal, practical, and enjoyable enough that you would want to remember the day.",Lifestyle,Easy,repair item instead replacing home lifestyle
Put together an outfit entirely from secondhand clothes,"Put together an outfit entirely from secondhand clothes. Keep it simple and intentional, and notice whether the small change makes everyday life feel better.",Lifestyle,Easy,put together outfit secondhand clothes home lifestyle
Visit three local independent shops,Make time to visit three local independent shops. Treat it as a one-day experiment rather than a permanent rule and see what you actually enjoy about it.,Lifestyle,Easy,three independent shops home lifestyle
Work or study from a café you have never tried,"Work or study from a café you have never tried. Give the idea enough time to feel different from your normal routine, without turning it into another productivity task.",Lifestyle,Easy,study café never tried home lifestyle
Have a slow breakfast with no phone,"Have a slow breakfast with no phone. Make it personal, practical, and enjoyable enough that you would want to remember the day.",Lifestyle,Easy,slow breakfast phone home lifestyle
Spend a day using only cash,"Set aside time to spend a day using only cash. Keep it simple and intentional, and notice whether the small change makes everyday life feel better.",Lifestyle,Easy,day cash home lifestyle
Create a small balcony or windowsill garden,Create a small balcony or windowsill garden. Treat it as a one-day experiment rather than a permanent rule and see what you actually enjoy about it.,Lifestyle,Easy,small balcony windowsill garden home lifestyle
Organize your favorite photos into an album,"Organize your favorite photos into an album. Give the idea enough time to feel different from your normal routine, without turning it into another productivity task.",Lifestyle,Easy,organize favorite photos album home lifestyle
Make your bedroom feel like a hotel for one night,"Make your bedroom feel like a hotel for one night. Make it personal, practical, and enjoyable enough that you would want to remember the day.",Lifestyle,Easy,bedroom feel like hotel night home lifestyle
Plan a perfect day in your own city,"Plan a perfect day in your own city. Keep it simple and intentional, and notice whether the small change makes everyday life feel better.",Lifestyle,Easy,perfect day city home lifestyle
Spend a weekend morning at a local market,Set aside time to spend a weekend morning at a local market. Treat it as a one-day experiment rather than a permanent rule and see what you actually enjoy about it.,Lifestyle,Easy,weekend morning market home lifestyle
Try a new hairstyle,"Give a new hairstyle a proper try. Give the idea enough time to feel different from your normal routine, without turning it into another productivity task.",Lifestyle,Easy,hairstyle home lifestyle
Wear something outside your usual style,"Wear something outside your usual style. Make it personal, practical, and enjoyable enough that you would want to remember the day.",Lifestyle,Easy,outside usual style home lifestyle
Make a handmade decoration for your home,"Make a handmade decoration for your home. Keep it simple and intentional, and notice whether the small change makes everyday life feel better.",Lifestyle,Easy,handmade decoration home home lifestyle
Create a personal time capsule,Create a personal time capsule. Treat it as a one-day experiment rather than a permanent rule and see what you actually enjoy about it.,Lifestyle,Easy,personal time capsule home lifestyle
Spend an evening by candlelight,"Set aside time to spend an evening by candlelight. Give the idea enough time to feel different from your normal routine, without turning it into another productivity task.",Lifestyle,Easy,evening candlelight home lifestyle
Have a home spa evening,"Have a home spa evening. Make it personal, practical, and enjoyable enough that you would want to remember the day.",Lifestyle,Easy,home spa evening home lifestyle
Cook a special dinner just for yourself,"Cook a special dinner just for yourself. Keep it simple and intentional, and notice whether the small change makes everyday life feel better.",Lifestyle,Easy,special dinner just yourself home lifestyle
Take a full day off from productivity,Make time to take a full day off from productivity. Treat it as a one-day experiment rather than a permanent rule and see what you actually enjoy about it.,Lifestyle,Easy,day off productivity home lifestyle
Create a physical bucket-list board,"Create a physical bucket-list board. Give the idea enough time to feel different from your normal routine, without turning it into another productivity task.",Lifestyle,Easy,physical bucket list board home lifestyle
Meditate for twenty minutes,Meditate for twenty minutes. Give it your full attention for the allotted time and avoid judging whether you are doing it perfectly.,Mind,Easy,meditate twenty minutes mindfulness journal
Write down five small wins from the past month,Write down five small wins from the past month. Keep the exercise private and honest; the value is in noticing what comes up rather than producing a perfect result.,Mind,Easy,five small wins past month mindfulness journal
Fill three pages of a journal,"Fill three pages of a journal. Remove distractions, slow the pace down, and use the time to notice your thoughts instead of immediately reacting to them.",Mind,Easy,three pages journal mindfulness journal
Write a letter to your future self,Write a letter to your future self. Treat it as a short reset and leave yourself one concrete thought or note to return to later.,Mind,Easy,letter future self mindfulness journal
Spend one hour in silence,Set aside time to spend one hour in silence. Give it your full attention for the allotted time and avoid judging whether you are doing it perfectly.,Mind,Easy,hour silence mindfulness journal
Take a mindful walk without headphones,Make time to take a mindful walk without headphones. Keep the exercise private and honest; the value is in noticing what comes up rather than producing a perfect result.,Mind,Easy,mindful walk headphones mindfulness journal
Try a guided breathing session,"Give a guided breathing session a proper try. Remove distractions, slow the pace down, and use the time to notice your thoughts instead of immediately reacting to them.",Mind,Easy,guided breathing session mindfulness journal
Write down one hundred things you want to do,Write down one hundred things you want to do. Treat it as a short reset and leave yourself one concrete thought or note to return to later.,Mind,Easy,hundred things want mindfulness journal
Create a personal values list,Create a personal values list. Give it your full attention for the allotted time and avoid judging whether you are doing it perfectly.,Mind,Easy,personal values list mindfulness journal
Reflect on your favorite memory from the past year,Reflect on your favorite memory from the past year. Keep the exercise private and honest; the value is in noticing what comes up rather than producing a perfect result.,Mind,Easy,favorite memory past year mindfulness journal
Write a letter to your younger self,"Write a letter to your younger self. Remove distractions, slow the pace down, and use the time to notice your thoughts instead of immediately reacting to them.",Mind,Easy,letter younger self mindfulness journal
Spend a morning without checking notifications,Set aside time to spend a morning without checking notifications. Treat it as a short reset and leave yourself one concrete thought or note to return to later.,Mind,Easy,morning checking notifications mindfulness journal
Sit in a café alone without using your phone,Sit in a café alone without using your phone. Give it your full attention for the allotted time and avoid judging whether you are doing it perfectly.,Mind,Easy,café alone phone mindfulness journal
Try a beginner mindfulness class,Give a beginner mindfulness class a proper try. Keep the exercise private and honest; the value is in noticing what comes up rather than producing a perfect result.,Mind,Easy,mindfulness class mindfulness journal
Complete a difficult jigsaw puzzle,"Set yourself the goal to complete a difficult jigsaw puzzle. Remove distractions, slow the pace down, and use the time to notice your thoughts instead of immediately reacting to them.",Mind,Easy,difficult jigsaw puzzle mindfulness journal
Learn a simple memory technique,Spend a focused session learning a simple memory technique. Treat it as a short reset and leave yourself one concrete thought or note to return to later.,Mind,Easy,memory technique mindfulness journal
Write your life story in one page,Write your life story in one page. Give it your full attention for the allotted time and avoid judging whether you are doing it perfectly.,Mind,Easy,life story page mindfulness journal
Make a list of things you can control,Make a list of things you can control. Keep the exercise private and honest; the value is in noticing what comes up rather than producing a perfect result.,Mind,Easy,list things can control mindfulness journal
Spend thirty minutes watching the world without multitasking,"Set aside time to spend thirty minutes watching the world without multitasking. Remove distractions, slow the pace down, and use the time to notice your thoughts instead of immediately reacting to them.",Mind,Easy,thirty minutes watching world multitasking mindfulness journal
Read a book in one uninterrupted afternoon,Read a book in one uninterrupted afternoon. Treat it as a short reset and leave yourself one concrete thought or note to return to later.,Mind,Easy,book uninterrupted afternoon mindfulness journal
Create a vision board for the next year,Create a vision board for the next year. Give it your full attention for the allotted time and avoid judging whether you are doing it perfectly.,Mind,Easy,vision board next year mindfulness journal
Write down ten things you are proud of,Write down ten things you are proud of. Keep the exercise private and honest; the value is in noticing what comes up rather than producing a perfect result.,Mind,Easy,ten things are proud mindfulness journal
Spend an evening doing only one thing at a time,"Set aside time to spend an evening doing only one thing at a time. Remove distractions, slow the pace down, and use the time to notice your thoughts instead of immediately reacting to them.",Mind,Easy,evening doing thing time mindfulness journal
Try a body-scan meditation,Give a body-scan meditation a proper try. Treat it as a short reset and leave yourself one concrete thought or note to return to later.,Mind,Easy,body scan meditation mindfulness journal
Choose one fear and write a realistic plan to face it,Choose one fear and write a realistic plan to face it. Give it your full attention for the allotted time and avoid judging whether you are doing it perfectly.,Mind,Easy,fear write realistic plan face mindfulness journal
